sku,profile_key,category_code,weight_grams,name,price,stock_quantity,roast_level,description,image_url,status,display_order
CP-SO001-L-200,SO001_L,SINGLE_ORIGIN,200,ET Yirgacheffe WASHED 라이트 200g,20500,19,LIGHT,Yirgacheffe 산지의 WASHED 커피를 라이트 로스트로 구성한 합성 싱글 오리진 프로필 200g 포장으로 로스팅 단계와 원산지 메타데이터를 확인할 수 있음,/images/catalog/so001_l.webp,ON_SALE,1
CP-SO001-L-500,SO001_L,SINGLE_ORIGIN,500,ET Yirgacheffe WASHED 라이트 500g,46000,20,LIGHT,Yirgacheffe 산지의 WASHED 커피를 라이트 로스트로 구성한 합성 싱글 오리진 프로필 500g 포장으로 로스팅 단계와 원산지 메타데이터를 확인할 수 있음,/images/catalog/so001_l.webp,ON_SALE,2
CP-SO001-M-200,SO001_M,SINGLE_ORIGIN,200,ET Yirgacheffe WASHED 미디엄 200g,19500,21,MEDIUM,Yirgacheffe 산지의 WASHED 커피를 미디엄 로스트로 구성한 합성 싱글 오리진 프로필 200g 포장으로 로스팅 단계와 원산지 메타데이터를 확인할 수 있음,/images/catalog/so001_m.webp,ON_SALE,1
CP-SO001-M-500,SO001_M,SINGLE_ORIGIN,500,ET Yirgacheffe WASHED 미디엄 500g,44000,22,MEDIUM,Yirgacheffe 산지의 WASHED 커피를 미디엄 로스트로 구성한 합성 싱글 오리진 프로필 500g 포장으로 로스팅 단계와 원산지 메타데이터를 확인할 수 있음,/images/catalog/so001_m.webp,ON_SALE,2
CP-SO002-L-200,SO002_L,SINGLE_ORIGIN,200,ET Guji NATURAL 라이트 200g,21500,23,LIGHT,Guji 산지의 NATURAL 커피를 라이트 로스트로 구성한 합성 싱글 오리진 프로필 200g 포장으로 로스팅 단계와 원산지 메타데이터를 확인할 수 있음,/images/catalog/so002_l.webp,ON_SALE,1
CP-SO002-L-500,SO002_L,SINGLE_ORIGIN,500,ET Guji NATURAL 라이트 500g,48500,24,LIGHT,Guji 산지의 NATURAL 커피를 라이트 로스트로 구성한 합성 싱글 오리진 프로필 500g 포장으로 로스팅 단계와 원산지 메타데이터를 확인할 수 있음,/images/catalog/so002_l.webp,ON_SALE,2
CP-SO002-M-200,SO002_M,SINGLE_ORIGIN,200,ET Guji NATURAL 미디엄 200g,20500,25,MEDIUM,Guji 산지의 NATURAL 커피를 미디엄 로스트로 구성한 합성 싱글 오리진 프로필 200g 포장으로 로스팅 단계와 원산지 메타데이터를 확인할 수 있음,/images/catalog/so002_m.webp,ON_SALE,1
CP-SO002-M-500,SO002_M,SINGLE_ORIGIN,500,ET Guji NATURAL 미디엄 500g,46000,26,MEDIUM,Guji 산지의 NATURAL 커피를 미디엄 로스트로 구성한 합성 싱글 오리진 프로필 500g 포장으로 로스팅 단계와 원산지 메타데이터를 확인할 수 있음,/images/catalog/so002_m.webp,ON_SALE,2
CP-SO003-L-200,SO003_L,SINGLE_ORIGIN,200,ET Sidama HONEY 라이트 200g,20000,27,LIGHT,Sidama 산지의 HONEY 커피를 라이트 로스트로 구성한 합성 싱글 오리진 프로필 200g 포장으로 로스팅 단계와 원산지 메타데이터를 확인할 수 있음,/images/catalog/so003_l.webp,ON_SALE,1
CP-SO003-L-500,SO003_L,SINGLE_ORIGIN,500,ET Sidama HONEY 라이트 500g,45000,28,LIGHT,Sidama 산지의 HONEY 커피를 라이트 로스트로 구성한 합성 싱글 오리진 프로필 500g 포장으로 로스팅 단계와 원산지 메타데이터를 확인할 수 있음,/images/catalog/so003_l.webp,ON_SALE,2
CP-SO003-M-200,SO003_M,SINGLE_ORIGIN,200,ET Sidama HONEY 미디엄 200g,19000,29,MEDIUM,Sidama 산지의 HONEY 커피를 미디엄 로스트로 구성한 합성 싱글 오리진 프로필 200g 포장으로 로스팅 단계와 원산지 메타데이터를 확인할 수 있음,/images/catalog/so003_m.webp,ON_SALE,1
CP-SO003-M-500,SO003_M,SINGLE_ORIGIN,500,ET Sidama HONEY 미디엄 500g,43000,30,MEDIUM,Sidama 산지의 HONEY 커피를 미디엄 로스트로 구성한 합성 싱글 오리진 프로필 500g 포장으로 로스팅 단계와 원산지 메타데이터를 확인할 수 있음,/images/catalog/so003_m.webp,ON_SALE,2
CP-SO004-L-200,SO004_L,SINGLE_ORIGIN,200,ET Limu WASHED 라이트 200g,19500,31,LIGHT,Limu 산지의 WASHED 커피를 라이트 로스트로 구성한 합성 싱글 오리진 프로필 200g 포장으로 로스팅 단계와 원산지 메타데이터를 확인할 수 있음,/images/catalog/so004_l.webp,ON_SALE,1
CP-SO004-L-500,SO004_L,SINGLE_ORIGIN,500,ET Limu WASHED 라이트 500g,44000,32,LIGHT,Limu 산지의 WASHED 커피를 라이트 로스트로 구성한 합성 싱글 오리진 프로필 500g 포장으로 로스팅 단계와 원산지 메타데이터를 확인할 수 있음,/images/catalog/so004_l.webp,ON_SALE,2
CP-SO004-M-200,SO004_M,SINGLE_ORIGIN,200,ET Limu WASHED 미디엄 200g,18500,33,MEDIUM,Limu 산지의 WASHED 커피를 미디엄 로스트로 구성한 합성 싱글 오리진 프로필 200g 포장으로 로스팅 단계와 원산지 메타데이터를 확인할 수 있음,/images/catalog/so004_m.webp,ON_SALE,1
CP-SO004-M-500,SO004_M,SINGLE_ORIGIN,500,ET Limu WASHED 미디엄 500g,41500,34,MEDIUM,Limu 산지의 WASHED 커피를 미디엄 로스트로 구성한 합성 싱글 오리진 프로필 500g 포장으로 로스팅 단계와 원산지 메타데이터를 확인할 수 있음,/images/catalog/so004_m.webp,ON_SALE,2
CP-SO005-L-200,SO005_L,SINGLE_ORIGIN,200,KE Nyeri WASHED 라이트 200g,23000,0,LIGHT,Nyeri 산지의 WASHED 커피를 라이트 로스트로 구성한 합성 싱글 오리진 프로필 200g 포장으로 로스팅 단계와 원산지 메타데이터를 확인할 수 있음,/images/catalog/so005_l.webp,SOLD_OUT,1
CP-SO005-L-500,SO005_L,SINGLE_ORIGIN,500,KE Nyeri WASHED 라이트 500g,52000,36,LIGHT,Nyeri 산지의 WASHED 커피를 라이트 로스트로 구성한 합성 싱글 오리진 프로필 500g 포장으로 로스팅 단계와 원산지 메타데이터를 확인할 수 있음,/images/catalog/so005_l.webp,ON_SALE,2
CP-SO005-M-200,SO005_M,SINGLE_ORIGIN,200,KE Nyeri WASHED 미디엄 200g,22000,37,MEDIUM,Nyeri 산지의 WASHED 커피를 미디엄 로스트로 구성한 합성 싱글 오리진 프로필 200g 포장으로 로스팅 단계와 원산지 메타데이터를 확인할 수 있음,/images/catalog/so005_m.webp,ON_SALE,1
CP-SO005-M-500,SO005_M,SINGLE_ORIGIN,500,KE Nyeri WASHED 미디엄 500g,49500,38,MEDIUM,Nyeri 산지의 WASHED 커피를 미디엄 로스트로 구성한 합성 싱글 오리진 프로필 500g 포장으로 로스팅 단계와 원산지 메타데이터를 확인할 수 있음,/images/catalog/so005_m.webp,ON_SALE,2
CP-SO006-L-200,SO006_L,SINGLE_ORIGIN,200,KE Kirinyaga WASHED 라이트 200g,22500,39,LIGHT,Kirinyaga 산지의 WASHED 커피를 라이트 로스트로 구성한 합성 싱글 오리진 프로필 200g 포장으로 로스팅 단계와 원산지 메타데이터를 확인할 수 있음,/images/catalog/so006_l.webp,ON_SALE,1
CP-SO006-L-500,SO006_L,SINGLE_ORIGIN,500,KE Kirinyaga WASHED 라이트 500g,50500,40,LIGHT,Kirinyaga 산지의 WASHED 커피를 라이트 로스트로 구성한 합성 싱글 오리진 프로필 500g 포장으로 로스팅 단계와 원산지 메타데이터를 확인할 수 있음,/images/catalog/so006_l.webp,ON_SALE,2
CP-SO006-M-200,SO006_M,SINGLE_ORIGIN,200,KE Kirinyaga WASHED 미디엄 200g,21500,41,MEDIUM,Kirinyaga 산지의 WASHED 커피를 미디엄 로스트로 구성한 합성 싱글 오리진 프로필 200g 포장으로 로스팅 단계와 원산지 메타데이터를 확인할 수 있음,/images/catalog/so006_m.webp,ON_SALE,1
CP-SO006-M-500,SO006_M,SINGLE_ORIGIN,500,KE Kirinyaga WASHED 미디엄 500g,48500,42,MEDIUM,Kirinyaga 산지의 WASHED 커피를 미디엄 로스트로 구성한 합성 싱글 오리진 프로필 500g 포장으로 로스팅 단계와 원산지 메타데이터를 확인할 수 있음,/images/catalog/so006_m.webp,ON_SALE,2
CP-SO007-L-200,SO007_L,SINGLE_ORIGIN,200,KE Embu WASHED 라이트 200g,21500,43,LIGHT,Embu 산지의 WASHED 커피를 라이트 로스트로 구성한 합성 싱글 오리진 프로필 200g 포장으로 로스팅 단계와 원산지 메타데이터를 확인할 수 있음,/images/catalog/so007_l.webp,ON_SALE,1
CP-SO007-L-500,SO007_L,SINGLE_ORIGIN,500,KE Embu WASHED 라이트 500g,48500,44,LIGHT,Embu 산지의 WASHED 커피를 라이트 로스트로 구성한 합성 싱글 오리진 프로필 500g 포장으로 로스팅 단계와 원산지 메타데이터를 확인할 수 있음,/images/catalog/so007_l.webp,ON_SALE,2
CP-SO007-M-200,SO007_M,SINGLE_ORIGIN,200,KE Embu WASHED 미디엄 200g,20500,45,MEDIUM,Embu 산지의 WASHED 커피를 미디엄 로스트로 구성한 합성 싱글 오리진 프로필 200g 포장으로 로스팅 단계와 원산지 메타데이터를 확인할 수 있음,/images/catalog/so007_m.webp,ON_SALE,1
CP-SO007-M-500,SO007_M,SINGLE_ORIGIN,500,KE Embu WASHED 미디엄 500g,46000,46,MEDIUM,Embu 산지의 WASHED 커피를 미디엄 로스트로 구성한 합성 싱글 오리진 프로필 500g 포장으로 로스팅 단계와 원산지 메타데이터를 확인할 수 있음,/images/catalog/so007_m.webp,ON_SALE,2
CP-SO008-L-200,SO008_L,SINGLE_ORIGIN,200,RW Nyamasheke WASHED 라이트 200g,20000,47,LIGHT,Nyamasheke 산지의 WASHED 커피를 라이트 로스트로 구성한 합성 싱글 오리진 프로필 200g 포장으로 로스팅 단계와 원산지 메타데이터를 확인할 수 있음,/images/catalog/so008_l.webp,HIDDEN,1
CP-SO008-L-500,SO008_L,SINGLE_ORIGIN,500,RW Nyamasheke WASHED 라이트 500g,45000,48,LIGHT,Nyamasheke 산지의 WASHED 커피를 라이트 로스트로 구성한 합성 싱글 오리진 프로필 500g 포장으로 로스팅 단계와 원산지 메타데이터를 확인할 수 있음,/images/catalog/so008_l.webp,ON_SALE,2
CP-SO008-M-200,SO008_M,SINGLE_ORIGIN,200,RW Nyamasheke WASHED 미디엄 200g,19000,49,MEDIUM,Nyamasheke 산지의 WASHED 커피를 미디엄 로스트로 구성한 합성 싱글 오리진 프로필 200g 포장으로 로스팅 단계와 원산지 메타데이터를 확인할 수 있음,/images/catalog/so008_m.webp,ON_SALE,1
CP-SO008-M-500,SO008_M,SINGLE_ORIGIN,500,RW Nyamasheke WASHED 미디엄 500g,43000,50,MEDIUM,Nyamasheke 산지의 WASHED 커피를 미디엄 로스트로 구성한 합성 싱글 오리진 프로필 500g 포장으로 로스팅 단계와 원산지 메타데이터를 확인할 수 있음,/images/catalog/so008_m.webp,ON_SALE,2
CP-SO009-L-200,SO009_L,SINGLE_ORIGIN,200,RW Huye NATURAL 라이트 200g,20500,51,LIGHT,Huye 산지의 NATURAL 커피를 라이트 로스트로 구성한 합성 싱글 오리진 프로필 200g 포장으로 로스팅 단계와 원산지 메타데이터를 확인할 수 있음,/images/catalog/so009_l.webp,ON_SALE,1
CP-SO009-L-500,SO009_L,SINGLE_ORIGIN,500,RW Huye NATURAL 라이트 500g,46000,0,LIGHT,Huye 산지의 NATURAL 커피를 라이트 로스트로 구성한 합성 싱글 오리진 프로필 500g 포장으로 로스팅 단계와 원산지 메타데이터를 확인할 수 있음,/images/catalog/so009_l.webp,SOLD_OUT,2
CP-SO009-M-200,SO009_M,SINGLE_ORIGIN,200,RW Huye NATURAL 미디엄 200g,19500,53,MEDIUM,Huye 산지의 NATURAL 커피를 미디엄 로스트로 구성한 합성 싱글 오리진 프로필 200g 포장으로 로스팅 단계와 원산지 메타데이터를 확인할 수 있음,/images/catalog/so009_m.webp,ON_SALE,1
CP-SO009-M-500,SO009_M,SINGLE_ORIGIN,500,RW Huye NATURAL 미디엄 500g,44000,54,MEDIUM,Huye 산지의 NATURAL 커피를 미디엄 로스트로 구성한 합성 싱글 오리진 프로필 500g 포장으로 로스팅 단계와 원산지 메타데이터를 확인할 수 있음,/images/catalog/so009_m.webp,ON_SALE,2
CP-SO010-L-200,SO010_L,SINGLE_ORIGIN,200,BI Kayanza WASHED 라이트 200g,20000,55,LIGHT,Kayanza 산지의 WASHED 커피를 라이트 로스트로 구성한 합성 싱글 오리진 프로필 200g 포장으로 로스팅 단계와 원산지 메타데이터를 확인할 수 있음,/images/catalog/so010_l.webp,ON_SALE,1
CP-SO010-L-500,SO010_L,SINGLE_ORIGIN,500,BI Kayanza WASHED 라이트 500g,45000,56,LIGHT,Kayanza 산지의 WASHED 커피를 라이트 로스트로 구성한 합성 싱글 오리진 프로필 500g 포장으로 로스팅 단계와 원산지 메타데이터를 확인할 수 있음,/images/catalog/so010_l.webp,ON_SALE,2
CP-SO010-M-200,SO010_M,SINGLE_ORIGIN,200,BI Kayanza WASHED 미디엄 200g,19000,57,MEDIUM,Kayanza 산지의 WASHED 커피를 미디엄 로스트로 구성한 합성 싱글 오리진 프로필 200g 포장으로 로스팅 단계와 원산지 메타데이터를 확인할 수 있음,/images/catalog/so010_m.webp,ON_SALE,1
CP-SO010-M-500,SO010_M,SINGLE_ORIGIN,500,BI Kayanza WASHED 미디엄 500g,43000,58,MEDIUM,Kayanza 산지의 WASHED 커피를 미디엄 로스트로 구성한 합성 싱글 오리진 프로필 500g 포장으로 로스팅 단계와 원산지 메타데이터를 확인할 수 있음,/images/catalog/so010_m.webp,ON_SALE,2
CP-SO011-M-200,SO011_M,SINGLE_ORIGIN,200,UG Bugisu WASHED 미디엄 200g,17500,59,MEDIUM,Bugisu 산지의 WASHED 커피를 미디엄 로스트로 구성한 합성 싱글 오리진 프로필 200g 포장으로 로스팅 단계와 원산지 메타데이터를 확인할 수 있음,/images/catalog/so011_m.webp,ON_SALE,1
CP-SO011-M-500,SO011_M,SINGLE_ORIGIN,500,UG Bugisu WASHED 미디엄 500g,39500,60,MEDIUM,Bugisu 산지의 WASHED 커피를 미디엄 로스트로 구성한 합성 싱글 오리진 프로필 500g 포장으로 로스팅 단계와 원산지 메타데이터를 확인할 수 있음,/images/catalog/so011_m.webp,ON_SALE,2
CP-SO011-D-200,SO011_D,SINGLE_ORIGIN,200,UG Bugisu WASHED 다크 200g,18000,61,DARK,Bugisu 산지의 WASHED 커피를 다크 로스트로 구성한 합성 싱글 오리진 프로필 200g 포장으로 로스팅 단계와 원산지 메타데이터를 확인할 수 있음,/images/catalog/so011_d.webp,ON_SALE,1
CP-SO011-D-500,SO011_D,SINGLE_ORIGIN,500,UG Bugisu WASHED 다크 500g,40500,62,DARK,Bugisu 산지의 WASHED 커피를 다크 로스트로 구성한 합성 싱글 오리진 프로필 500g 포장으로 로스팅 단계와 원산지 메타데이터를 확인할 수 있음,/images/catalog/so011_d.webp,ON_SALE,2
CP-SO012-M-200,SO012_M,SINGLE_ORIGIN,200,UG Rwenzori NATURAL 미디엄 200g,18000,63,MEDIUM,Rwenzori 산지의 NATURAL 커피를 미디엄 로스트로 구성한 합성 싱글 오리진 프로필 200g 포장으로 로스팅 단계와 원산지 메타데이터를 확인할 수 있음,/images/catalog/so012_m.webp,ON_SALE,1
CP-SO012-M-500,SO012_M,SINGLE_ORIGIN,500,UG Rwenzori NATURAL 미디엄 500g,40500,64,MEDIUM,Rwenzori 산지의 NATURAL 커피를 미디엄 로스트로 구성한 합성 싱글 오리진 프로필 500g 포장으로 로스팅 단계와 원산지 메타데이터를 확인할 수 있음,/images/catalog/so012_m.webp,ON_SALE,2
CP-SO012-D-200,SO012_D,SINGLE_ORIGIN,200,UG Rwenzori NATURAL 다크 200g,18500,65,DARK,Rwenzori 산지의 NATURAL 커피를 다크 로스트로 구성한 합성 싱글 오리진 프로필 200g 포장으로 로스팅 단계와 원산지 메타데이터를 확인할 수 있음,/images/catalog/so012_d.webp,ON_SALE,1
CP-SO012-D-500,SO012_D,SINGLE_ORIGIN,500,UG Rwenzori NATURAL 다크 500g,41500,66,DARK,Rwenzori 산지의 NATURAL 커피를 다크 로스트로 구성한 합성 싱글 오리진 프로필 500g 포장으로 로스팅 단계와 원산지 메타데이터를 확인할 수 있음,/images/catalog/so012_d.webp,ON_SALE,2
CP-SO013-L-200,SO013_L,SINGLE_ORIGIN,200,CO Huila HONEY 라이트 200g,19000,67,LIGHT,Huila 산지의 HONEY 커피를 라이트 로스트로 구성한 합성 싱글 오리진 프로필 200g 포장으로 로스팅 단계와 원산지 메타데이터를 확인할 수 있음,/images/catalog/so013_l.webp,ON_SALE,1
CP-SO013-L-500,SO013_L,SINGLE_ORIGIN,500,CO Huila HONEY 라이트 500g,43000,68,LIGHT,Huila 산지의 HONEY 커피를 라이트 로스트로 구성한 합성 싱글 오리진 프로필 500g 포장으로 로스팅 단계와 원산지 메타데이터를 확인할 수 있음,/images/catalog/so013_l.webp,ON_SALE,2
CP-SO013-M-200,SO013_M,SINGLE_ORIGIN,200,CO Huila HONEY 미디엄 200g,18000,0,MEDIUM,Huila 산지의 HONEY 커피를 미디엄 로스트로 구성한 합성 싱글 오리진 프로필 200g 포장으로 로스팅 단계와 원산지 메타데이터를 확인할 수 있음,/images/catalog/so013_m.webp,SOLD_OUT,1
CP-SO013-M-500,SO013_M,SINGLE_ORIGIN,500,CO Huila HONEY 미디엄 500g,40500,70,MEDIUM,Huila 산지의 HONEY 커피를 미디엄 로스트로 구성한 합성 싱글 오리진 프로필 500g 포장으로 로스팅 단계와 원산지 메타데이터를 확인할 수 있음,/images/catalog/so013_m.webp,ON_SALE,2
CP-SO014-L-200,SO014_L,SINGLE_ORIGIN,200,CO Narino WASHED 라이트 200g,20500,71,LIGHT,Narino 산지의 WASHED 커피를 라이트 로스트로 구성한 합성 싱글 오리진 프로필 200g 포장으로 로스팅 단계와 원산지 메타데이터를 확인할 수 있음,/images/catalog/so014_l.webp,ON_SALE,1
CP-SO014-L-500,SO014_L,SINGLE_ORIGIN,500,CO Narino WASHED 라이트 500g,46000,72,LIGHT,Narino 산지의 WASHED 커피를 라이트 로스트로 구성한 합성 싱글 오리진 프로필 500g 포장으로 로스팅 단계와 원산지 메타데이터를 확인할 수 있음,/images/catalog/so014_l.webp,ON_SALE,2
CP-SO014-M-200,SO014_M,SINGLE_ORIGIN,200,CO Narino WASHED 미디엄 200g,19500,73,MEDIUM,Narino 산지의 WASHED 커피를 미디엄 로스트로 구성한 합성 싱글 오리진 프로필 200g 포장으로 로스팅 단계와 원산지 메타데이터를 확인할 수 있음,/images/catalog/so014_m.webp,ON_SALE,1
CP-SO014-M-500,SO014_M,SINGLE_ORIGIN,500,CO Narino WASHED 미디엄 500g,44000,74,MEDIUM,Narino 산지의 WASHED 커피를 미디엄 로스트로 구성한 합성 싱글 오리진 프로필 500g 포장으로 로스팅 단계와 원산지 메타데이터를 확인할 수 있음,/images/catalog/so014_m.webp,ON_SALE,2
CP-SO015-L-200,SO015_L,SINGLE_ORIGIN,200,CO Cauca WASHED 라이트 200g,19500,75,LIGHT,Cauca 산지의 WASHED 커피를 라이트 로스트로 구성한 합성 싱글 오리진 프로필 200g 포장으로 로스팅 단계와 원산지 메타데이터를 확인할 수 있음,/images/catalog/so015_l.webp,ON_SALE,1
CP-SO015-L-500,SO015_L,SINGLE_ORIGIN,500,CO Cauca WASHED 라이트 500g,44000,76,LIGHT,Cauca 산지의 WASHED 커피를 라이트 로스트로 구성한 합성 싱글 오리진 프로필 500g 포장으로 로스팅 단계와 원산지 메타데이터를 확인할 수 있음,/images/catalog/so015_l.webp,HIDDEN,2
CP-SO015-M-200,SO015_M,SINGLE_ORIGIN,200,CO Cauca WASHED 미디엄 200g,18500,77,MEDIUM,Cauca 산지의 WASHED 커피를 미디엄 로스트로 구성한 합성 싱글 오리진 프로필 200g 포장으로 로스팅 단계와 원산지 메타데이터를 확인할 수 있음,/images/catalog/so015_m.webp,ON_SALE,1
CP-SO015-M-500,SO015_M,SINGLE_ORIGIN,500,CO Cauca WASHED 미디엄 500g,41500,78,MEDIUM,Cauca 산지의 WASHED 커피를 미디엄 로스트로 구성한 합성 싱글 오리진 프로필 500g 포장으로 로스팅 단계와 원산지 메타데이터를 확인할 수 있음,/images/catalog/so015_m.webp,ON_SALE,2
CP-SO016-L-200,SO016_L,SINGLE_ORIGIN,200,CO Sierra Nevada NATURAL 라이트 200g,18500,79,LIGHT,Sierra Nevada 산지의 NATURAL 커피를 라이트 로스트로 구성한 합성 싱글 오리진 프로필 200g 포장으로 로스팅 단계와 원산지 메타데이터를 확인할 수 있음,/images/catalog/so016_l.webp,ON_SALE,1
CP-SO016-L-500,SO016_L,SINGLE_ORIGIN,500,CO Sierra Nevada NATURAL 라이트 500g,41500,80,LIGHT,Sierra Nevada 산지의 NATURAL 커피를 라이트 로스트로 구성한 합성 싱글 오리진 프로필 500g 포장으로 로스팅 단계와 원산지 메타데이터를 확인할 수 있음,/images/catalog/so016_l.webp,ON_SALE,2
CP-SO016-M-200,SO016_M,SINGLE_ORIGIN,200,CO Sierra Nevada NATURAL 미디엄 200g,17500,81,MEDIUM,Sierra Nevada 산지의 NATURAL 커피를 미디엄 로스트로 구성한 합성 싱글 오리진 프로필 200g 포장으로 로스팅 단계와 원산지 메타데이터를 확인할 수 있음,/images/catalog/so016_m.webp,ON_SALE,1
CP-SO016-M-500,SO016_M,SINGLE_ORIGIN,500,CO Sierra Nevada NATURAL 미디엄 500g,39500,82,MEDIUM,Sierra Nevada 산지의 NATURAL 커피를 미디엄 로스트로 구성한 합성 싱글 오리진 프로필 500g 포장으로 로스팅 단계와 원산지 메타데이터를 확인할 수 있음,/images/catalog/so016_m.webp,ON_SALE,2
CP-SO017-M-200,SO017_M,SINGLE_ORIGIN,200,BR Cerrado NATURAL 미디엄 200g,15000,83,MEDIUM,Cerrado 산지의 NATURAL 커피를 미디엄 로스트로 구성한 합성 싱글 오리진 프로필 200g 포장으로 로스팅 단계와 원산지 메타데이터를 확인할 수 있음,/images/catalog/so017_m.webp,ON_SALE,1
CP-SO017-M-500,SO017_M,SINGLE_ORIGIN,500,BR Cerrado NATURAL 미디엄 500g,34000,84,MEDIUM,Cerrado 산지의 NATURAL 커피를 미디엄 로스트로 구성한 합성 싱글 오리진 프로필 500g 포장으로 로스팅 단계와 원산지 메타데이터를 확인할 수 있음,/images/catalog/so017_m.webp,ON_SALE,2
CP-SO017-D-200,SO017_D,SINGLE_ORIGIN,200,BR Cerrado NATURAL 다크 200g,15500,85,DARK,Cerrado 산지의 NATURAL 커피를 다크 로스트로 구성한 합성 싱글 오리진 프로필 200g 포장으로 로스팅 단계와 원산지 메타데이터를 확인할 수 있음,/images/catalog/so017_d.webp,ON_SALE,1
CP-SO017-D-500,SO017_D,SINGLE_ORIGIN,500,BR Cerrado NATURAL 다크 500g,35000,0,DARK,Cerrado 산지의 NATURAL 커피를 다크 로스트로 구성한 합성 싱글 오리진 프로필 500g 포장으로 로스팅 단계와 원산지 메타데이터를 확인할 수 있음,/images/catalog/so017_d.webp,SOLD_OUT,2
CP-SO018-M-200,SO018_M,SINGLE_ORIGIN,200,BR Sul de Minas PULPED_NATURAL 미디엄 200g,16000,87,MEDIUM,Sul de Minas 산지의 PULPED_NATURAL 커피를 미디엄 로스트로 구성한 합성 싱글 오리진 프로필 200g 포장으로 로스팅 단계와 원산지 메타데이터를 확인할 수 있음,/images/catalog/so018_m.webp,ON_SALE,1
CP-SO018-M-500,SO018_M,SINGLE_ORIGIN,500,BR Sul de Minas PULPED_NATURAL 미디엄 500g,36000,88,MEDIUM,Sul de Minas 산지의 PULPED_NATURAL 커피를 미디엄 로스트로 구성한 합성 싱글 오리진 프로필 500g 포장으로 로스팅 단계와 원산지 메타데이터를 확인할 수 있음,/images/catalog/so018_m.webp,ON_SALE,2
CP-SO018-D-200,SO018_D,SINGLE_ORIGIN,200,BR Sul de Minas PULPED_NATURAL 다크 200g,16500,89,DARK,Sul de Minas 산지의 PULPED_NATURAL 커피를 다크 로스트로 구성한 합성 싱글 오리진 프로필 200g 포장으로 로스팅 단계와 원산지 메타데이터를 확인할 수 있음,/images/catalog/so018_d.webp,ON_SALE,1
CP-SO018-D-500,SO018_D,SINGLE_ORIGIN,500,BR Sul de Minas PULPED_NATURAL 다크 500g,37000,90,DARK,Sul de Minas 산지의 PULPED_NATURAL 커피를 다크 로스트로 구성한 합성 싱글 오리진 프로필 500g 포장으로 로스팅 단계와 원산지 메타데이터를 확인할 수 있음,/images/catalog/so018_d.webp,ON_SALE,2
CP-SO019-M-200,SO019_M,SINGLE_ORIGIN,200,BR Mantiqueira NATURAL 미디엄 200g,17500,91,MEDIUM,Mantiqueira 산지의 NATURAL 커피를 미디엄 로스트로 구성한 합성 싱글 오리진 프로필 200g 포장으로 로스팅 단계와 원산지 메타데이터를 확인할 수 있음,/images/catalog/so019_m.webp,ON_SALE,1
CP-SO019-M-500,SO019_M,SINGLE_ORIGIN,500,BR Mantiqueira NATURAL 미디엄 500g,39500,92,MEDIUM,Mantiqueira 산지의 NATURAL 커피를 미디엄 로스트로 구성한 합성 싱글 오리진 프로필 500g 포장으로 로스팅 단계와 원산지 메타데이터를 확인할 수 있음,/images/catalog/so019_m.webp,ON_SALE,2
CP-SO019-D-200,SO019_D,SINGLE_ORIGIN,200,BR Mantiqueira NATURAL 다크 200g,18000,93,DARK,Mantiqueira 산지의 NATURAL 커피를 다크 로스트로 구성한 합성 싱글 오리진 프로필 200g 포장으로 로스팅 단계와 원산지 메타데이터를 확인할 수 있음,/images/catalog/so019_d.webp,ON_SALE,1
CP-SO019-D-500,SO019_D,SINGLE_ORIGIN,500,BR Mantiqueira NATURAL 다크 500g,40500,94,DARK,Mantiqueira 산지의 NATURAL 커피를 다크 로스트로 구성한 합성 싱글 오리진 프로필 500g 포장으로 로스팅 단계와 원산지 메타데이터를 확인할 수 있음,/images/catalog/so019_d.webp,ON_SALE,2
CP-SO020-M-200,SO020_M,SINGLE_ORIGIN,200,BR Mogiana HONEY 미디엄 200g,15500,95,MEDIUM,Mogiana 산지의 HONEY 커피를 미디엄 로스트로 구성한 합성 싱글 오리진 프로필 200g 포장으로 로스팅 단계와 원산지 메타데이터를 확인할 수 있음,/images/catalog/so020_m.webp,ON_SALE,1
CP-SO020-M-500,SO020_M,SINGLE_ORIGIN,500,BR Mogiana HONEY 미디엄 500g,35000,96,MEDIUM,Mogiana 산지의 HONEY 커피를 미디엄 로스트로 구성한 합성 싱글 오리진 프로필 500g 포장으로 로스팅 단계와 원산지 메타데이터를 확인할 수 있음,/images/catalog/so020_m.webp,ON_SALE,2
CP-SO020-D-200,SO020_D,SINGLE_ORIGIN,200,BR Mogiana HONEY 다크 200g,16000,97,DARK,Mogiana 산지의 HONEY 커피를 다크 로스트로 구성한 합성 싱글 오리진 프로필 200g 포장으로 로스팅 단계와 원산지 메타데이터를 확인할 수 있음,/images/catalog/so020_d.webp,ON_SALE,1
CP-SO020-D-500,SO020_D,SINGLE_ORIGIN,500,BR Mogiana HONEY 다크 500g,36000,98,DARK,Mogiana 산지의 HONEY 커피를 다크 로스트로 구성한 합성 싱글 오리진 프로필 500g 포장으로 로스팅 단계와 원산지 메타데이터를 확인할 수 있음,/images/catalog/so020_d.webp,ON_SALE,2
CP-SO021-L-200,SO021_L,SINGLE_ORIGIN,200,CR Tarrazu HONEY 라이트 200g,20500,99,LIGHT,Tarrazu 산지의 HONEY 커피를 라이트 로스트로 구성한 합성 싱글 오리진 프로필 200g 포장으로 로스팅 단계와 원산지 메타데이터를 확인할 수 있음,/images/catalog/so021_l.webp,ON_SALE,1
CP-SO021-L-500,SO021_L,SINGLE_ORIGIN,500,CR Tarrazu HONEY 라이트 500g,46000,100,LIGHT,Tarrazu 산지의 HONEY 커피를 라이트 로스트로 구성한 합성 싱글 오리진 프로필 500g 포장으로 로스팅 단계와 원산지 메타데이터를 확인할 수 있음,/images/catalog/so021_l.webp,ON_SALE,2
CP-SO021-M-200,SO021_M,SINGLE_ORIGIN,200,CR Tarrazu HONEY 미디엄 200g,19500,18,MEDIUM,Tarrazu 산지의 HONEY 커피를 미디엄 로스트로 구성한 합성 싱글 오리진 프로필 200g 포장으로 로스팅 단계와 원산지 메타데이터를 확인할 수 있음,/images/catalog/so021_m.webp,ON_SALE,1
CP-SO021-M-500,SO021_M,SINGLE_ORIGIN,500,CR Tarrazu HONEY 미디엄 500g,44000,19,MEDIUM,Tarrazu 산지의 HONEY 커피를 미디엄 로스트로 구성한 합성 싱글 오리진 프로필 500g 포장으로 로스팅 단계와 원산지 메타데이터를 확인할 수 있음,/images/catalog/so021_m.webp,ON_SALE,2
CP-SO022-L-200,SO022_L,SINGLE_ORIGIN,200,CR West Valley NATURAL 라이트 200g,21500,0,LIGHT,West Valley 산지의 NATURAL 커피를 라이트 로스트로 구성한 합성 싱글 오리진 프로필 200g 포장으로 로스팅 단계와 원산지 메타데이터를 확인할 수 있음,/images/catalog/so022_l.webp,SOLD_OUT,1
CP-SO022-L-500,SO022_L,SINGLE_ORIGIN,500,CR West Valley NATURAL 라이트 500g,48500,21,LIGHT,West Valley 산지의 NATURAL 커피를 라이트 로스트로 구성한 합성 싱글 오리진 프로필 500g 포장으로 로스팅 단계와 원산지 메타데이터를 확인할 수 있음,/images/catalog/so022_l.webp,ON_SALE,2
CP-SO022-M-200,SO022_M,SINGLE_ORIGIN,200,CR West Valley NATURAL 미디엄 200g,20500,22,MEDIUM,West Valley 산지의 NATURAL 커피를 미디엄 로스트로 구성한 합성 싱글 오리진 프로필 200g 포장으로 로스팅 단계와 원산지 메타데이터를 확인할 수 있음,/images/catalog/so022_m.webp,HIDDEN,1
CP-SO022-M-500,SO022_M,SINGLE_ORIGIN,500,CR West Valley NATURAL 미디엄 500g,46000,23,MEDIUM,West Valley 산지의 NATURAL 커피를 미디엄 로스트로 구성한 합성 싱글 오리진 프로필 500g 포장으로 로스팅 단계와 원산지 메타데이터를 확인할 수 있음,/images/catalog/so022_m.webp,ON_SALE,2
CP-SO023-L-200,SO023_L,SINGLE_ORIGIN,200,CR Tres Rios WASHED 라이트 200g,19500,24,LIGHT,Tres Rios 산지의 WASHED 커피를 라이트 로스트로 구성한 합성 싱글 오리진 프로필 200g 포장으로 로스팅 단계와 원산지 메타데이터를 확인할 수 있음,/images/catalog/so023_l.webp,ON_SALE,1
CP-SO023-L-500,SO023_L,SINGLE_ORIGIN,500,CR Tres Rios WASHED 라이트 500g,44000,25,LIGHT,Tres Rios 산지의 WASHED 커피를 라이트 로스트로 구성한 합성 싱글 오리진 프로필 500g 포장으로 로스팅 단계와 원산지 메타데이터를 확인할 수 있음,/images/catalog/so023_l.webp,ON_SALE,2
CP-SO023-M-200,SO023_M,SINGLE_ORIGIN,200,CR Tres Rios WASHED 미디엄 200g,18500,26,MEDIUM,Tres Rios 산지의 WASHED 커피를 미디엄 로스트로 구성한 합성 싱글 오리진 프로필 200g 포장으로 로스팅 단계와 원산지 메타데이터를 확인할 수 있음,/images/catalog/so023_m.webp,ON_SALE,1
CP-SO023-M-500,SO023_M,SINGLE_ORIGIN,500,CR Tres Rios WASHED 미디엄 500g,41500,27,MEDIUM,Tres Rios 산지의 WASHED 커피를 미디엄 로스트로 구성한 합성 싱글 오리진 프로필 500g 포장으로 로스팅 단계와 원산지 메타데이터를 확인할 수 있음,/images/catalog/so023_m.webp,ON_SALE,2
CP-SO024-L-200,SO024_L,SINGLE_ORIGIN,200,GT Huehuetenango WASHED 라이트 200g,20000,28,LIGHT,Huehuetenango 산지의 WASHED 커피를 라이트 로스트로 구성한 합성 싱글 오리진 프로필 200g 포장으로 로스팅 단계와 원산지 메타데이터를 확인할 수 있음,/images/catalog/so024_l.webp,ON_SALE,1
CP-SO024-L-500,SO024_L,SINGLE_ORIGIN,500,GT Huehuetenango WASHED 라이트 500g,45000,29,LIGHT,Huehuetenango 산지의 WASHED 커피를 라이트 로스트로 구성한 합성 싱글 오리진 프로필 500g 포장으로 로스팅 단계와 원산지 메타데이터를 확인할 수 있음,/images/catalog/so024_l.webp,ON_SALE,2
CP-SO024-M-200,SO024_M,SINGLE_ORIGIN,200,GT Huehuetenango WASHED 미디엄 200g,19000,30,MEDIUM,Huehuetenango 산지의 WASHED 커피를 미디엄 로스트로 구성한 합성 싱글 오리진 프로필 200g 포장으로 로스팅 단계와 원산지 메타데이터를 확인할 수 있음,/images/catalog/so024_m.webp,ON_SALE,1
CP-SO024-M-500,SO024_M,SINGLE_ORIGIN,500,GT Huehuetenango WASHED 미디엄 500g,43000,31,MEDIUM,Huehuetenango 산지의 WASHED 커피를 미디엄 로스트로 구성한 합성 싱글 오리진 프로필 500g 포장으로 로스팅 단계와 원산지 메타데이터를 확인할 수 있음,/images/catalog/so024_m.webp,ON_SALE,2
CP-SO025-L-200,SO025_L,SINGLE_ORIGIN,200,GT Antigua WASHED 라이트 200g,19500,32,LIGHT,Antigua 산지의 WASHED 커피를 라이트 로스트로 구성한 합성 싱글 오리진 프로필 200g 포장으로 로스팅 단계와 원산지 메타데이터를 확인할 수 있음,/images/catalog/so025_l.webp,ON_SALE,1
CP-SO025-L-500,SO025_L,SINGLE_ORIGIN,500,GT Antigua WASHED 라이트 500g,44000,33,LIGHT,Antigua 산지의 WASHED 커피를 라이트 로스트로 구성한 합성 싱글 오리진 프로필 500g 포장으로 로스팅 단계와 원산지 메타데이터를 확인할 수 있음,/images/catalog/so025_l.webp,ON_SALE,2
CP-SO025-M-200,SO025_M,SINGLE_ORIGIN,200,GT Antigua WASHED 미디엄 200g,18500,34,MEDIUM,Antigua 산지의 WASHED 커피를 미디엄 로스트로 구성한 합성 싱글 오리진 프로필 200g 포장으로 로스팅 단계와 원산지 메타데이터를 확인할 수 있음,/images/catalog/so025_m.webp,ON_SALE,1
CP-SO025-M-500,SO025_M,SINGLE_ORIGIN,500,GT Antigua WASHED 미디엄 500g,41500,35,MEDIUM,Antigua 산지의 WASHED 커피를 미디엄 로스트로 구성한 합성 싱글 오리진 프로필 500g 포장으로 로스팅 단계와 원산지 메타데이터를 확인할 수 있음,/images/catalog/so025_m.webp,ON_SALE,2
CP-SO026-L-200,SO026_L,SINGLE_ORIGIN,200,GT Atitlan NATURAL 라이트 200g,20000,36,LIGHT,Atitlan 산지의 NATURAL 커피를 라이트 로스트로 구성한 합성 싱글 오리진 프로필 200g 포장으로 로스팅 단계와 원산지 메타데이터를 확인할 수 있음,/images/catalog/so026_l.webp,ON_SALE,1
CP-SO026-L-500,SO026_L,SINGLE_ORIGIN,500,GT Atitlan NATURAL 라이트 500g,45000,0,LIGHT,Atitlan 산지의 NATURAL 커피를 라이트 로스트로 구성한 합성 싱글 오리진 프로필 500g 포장으로 로스팅 단계와 원산지 메타데이터를 확인할 수 있음,/images/catalog/so026_l.webp,SOLD_OUT,2
CP-SO026-M-200,SO026_M,SINGLE_ORIGIN,200,GT Atitlan NATURAL 미디엄 200g,19000,38,MEDIUM,Atitlan 산지의 NATURAL 커피를 미디엄 로스트로 구성한 합성 싱글 오리진 프로필 200g 포장으로 로스팅 단계와 원산지 메타데이터를 확인할 수 있음,/images/catalog/so026_m.webp,ON_SALE,1
CP-SO026-M-500,SO026_M,SINGLE_ORIGIN,500,GT Atitlan NATURAL 미디엄 500g,43000,39,MEDIUM,Atitlan 산지의 NATURAL 커피를 미디엄 로스트로 구성한 합성 싱글 오리진 프로필 500g 포장으로 로스팅 단계와 원산지 메타데이터를 확인할 수 있음,/images/catalog/so026_m.webp,ON_SALE,2
CP-SO027-L-200,SO027_L,SINGLE_ORIGIN,200,SV Apaneca-Ilamatepec HONEY 라이트 200g,21000,40,LIGHT,Apaneca-Ilamatepec 산지의 HONEY 커피를 라이트 로스트로 구성한 합성 싱글 오리진 프로필 200g 포장으로 로스팅 단계와 원산지 메타데이터를 확인할 수 있음,/images/catalog/so027_l.webp,ON_SALE,1
CP-SO027-L-500,SO027_L,SINGLE_ORIGIN,500,SV Apaneca-Ilamatepec HONEY 라이트 500g,47500,41,LIGHT,Apaneca-Ilamatepec 산지의 HONEY 커피를 라이트 로스트로 구성한 합성 싱글 오리진 프로필 500g 포장으로 로스팅 단계와 원산지 메타데이터를 확인할 수 있음,/images/catalog/so027_l.webp,ON_SALE,2
CP-SO027-M-200,SO027_M,SINGLE_ORIGIN,200,SV Apaneca-Ilamatepec HONEY 미디엄 200g,20000,42,MEDIUM,Apaneca-Ilamatepec 산지의 HONEY 커피를 미디엄 로스트로 구성한 합성 싱글 오리진 프로필 200g 포장으로 로스팅 단계와 원산지 메타데이터를 확인할 수 있음,/images/catalog/so027_m.webp,ON_SALE,1
CP-SO027-M-500,SO027_M,SINGLE_ORIGIN,500,SV Apaneca-Ilamatepec HONEY 미디엄 500g,45000,43,MEDIUM,Apaneca-Ilamatepec 산지의 HONEY 커피를 미디엄 로스트로 구성한 합성 싱글 오리진 프로필 500g 포장으로 로스팅 단계와 원산지 메타데이터를 확인할 수 있음,/images/catalog/so027_m.webp,ON_SALE,2
CP-SO028-L-200,SO028_L,SINGLE_ORIGIN,200,SV Chalatenango WASHED 라이트 200g,23000,44,LIGHT,Chalatenango 산지의 WASHED 커피를 라이트 로스트로 구성한 합성 싱글 오리진 프로필 200g 포장으로 로스팅 단계와 원산지 메타데이터를 확인할 수 있음,/images/catalog/so028_l.webp,ON_SALE,1
CP-SO028-L-500,SO028_L,SINGLE_ORIGIN,500,SV Chalatenango WASHED 라이트 500g,52000,45,LIGHT,Chalatenango 산지의 WASHED 커피를 라이트 로스트로 구성한 합성 싱글 오리진 프로필 500g 포장으로 로스팅 단계와 원산지 메타데이터를 확인할 수 있음,/images/catalog/so028_l.webp,ON_SALE,2
CP-SO028-M-200,SO028_M,SINGLE_ORIGIN,200,SV Chalatenango WASHED 미디엄 200g,22000,46,MEDIUM,Chalatenango 산지의 WASHED 커피를 미디엄 로스트로 구성한 합성 싱글 오리진 프로필 200g 포장으로 로스팅 단계와 원산지 메타데이터를 확인할 수 있음,/images/catalog/so028_m.webp,ON_SALE,1
CP-SO028-M-500,SO028_M,SINGLE_ORIGIN,500,SV Chalatenango WASHED 미디엄 500g,49500,47,MEDIUM,Chalatenango 산지의 WASHED 커피를 미디엄 로스트로 구성한 합성 싱글 오리진 프로필 500g 포장으로 로스팅 단계와 원산지 메타데이터를 확인할 수 있음,/images/catalog/so028_m.webp,ON_SALE,2
CP-SO029-L-200,SO029_L,SINGLE_ORIGIN,200,HN Marcala WASHED 라이트 200g,18500,48,LIGHT,Marcala 산지의 WASHED 커피를 라이트 로스트로 구성한 합성 싱글 오리진 프로필 200g 포장으로 로스팅 단계와 원산지 메타데이터를 확인할 수 있음,/images/catalog/so029_l.webp,ON_SALE,1
CP-SO029-L-500,SO029_L,SINGLE_ORIGIN,500,HN Marcala WASHED 라이트 500g,41500,49,LIGHT,Marcala 산지의 WASHED 커피를 라이트 로스트로 구성한 합성 싱글 오리진 프로필 500g 포장으로 로스팅 단계와 원산지 메타데이터를 확인할 수 있음,/images/catalog/so029_l.webp,ON_SALE,2
CP-SO029-M-200,SO029_M,SINGLE_ORIGIN,200,HN Marcala WASHED 미디엄 200g,17500,50,MEDIUM,Marcala 산지의 WASHED 커피를 미디엄 로스트로 구성한 합성 싱글 오리진 프로필 200g 포장으로 로스팅 단계와 원산지 메타데이터를 확인할 수 있음,/images/catalog/so029_m.webp,ON_SALE,1
CP-SO029-M-500,SO029_M,SINGLE_ORIGIN,500,HN Marcala WASHED 미디엄 500g,39500,51,MEDIUM,Marcala 산지의 WASHED 커피를 미디엄 로스트로 구성한 합성 싱글 오리진 프로필 500g 포장으로 로스팅 단계와 원산지 메타데이터를 확인할 수 있음,/images/catalog/so029_m.webp,HIDDEN,2
CP-SO030-L-200,SO030_L,SINGLE_ORIGIN,200,HN Copan NATURAL 라이트 200g,18000,52,LIGHT,Copan 산지의 NATURAL 커피를 라이트 로스트로 구성한 합성 싱글 오리진 프로필 200g 포장으로 로스팅 단계와 원산지 메타데이터를 확인할 수 있음,/images/catalog/so030_l.webp,ON_SALE,1
CP-SO030-L-500,SO030_L,SINGLE_ORIGIN,500,HN Copan NATURAL 라이트 500g,40500,53,LIGHT,Copan 산지의 NATURAL 커피를 라이트 로스트로 구성한 합성 싱글 오리진 프로필 500g 포장으로 로스팅 단계와 원산지 메타데이터를 확인할 수 있음,/images/catalog/so030_l.webp,ON_SALE,2
CP-SO030-M-200,SO030_M,SINGLE_ORIGIN,200,HN Copan NATURAL 미디엄 200g,17000,0,MEDIUM,Copan 산지의 NATURAL 커피를 미디엄 로스트로 구성한 합성 싱글 오리진 프로필 200g 포장으로 로스팅 단계와 원산지 메타데이터를 확인할 수 있음,/images/catalog/so030_m.webp,SOLD_OUT,1
CP-SO030-M-500,SO030_M,SINGLE_ORIGIN,500,HN Copan NATURAL 미디엄 500g,38500,55,MEDIUM,Copan 산지의 NATURAL 커피를 미디엄 로스트로 구성한 합성 싱글 오리진 프로필 500g 포장으로 로스팅 단계와 원산지 메타데이터를 확인할 수 있음,/images/catalog/so030_m.webp,ON_SALE,2
CP-SO031-L-200,SO031_L,SINGLE_ORIGIN,200,PA Boquete WASHED 라이트 200g,29500,56,LIGHT,Boquete 산지의 WASHED 커피를 라이트 로스트로 구성한 합성 싱글 오리진 프로필 200g 포장으로 로스팅 단계와 원산지 메타데이터를 확인할 수 있음,/images/catalog/so031_l.webp,ON_SALE,1
CP-SO031-L-500,SO031_L,SINGLE_ORIGIN,500,PA Boquete WASHED 라이트 500g,66500,57,LIGHT,Boquete 산지의 WASHED 커피를 라이트 로스트로 구성한 합성 싱글 오리진 프로필 500g 포장으로 로스팅 단계와 원산지 메타데이터를 확인할 수 있음,/images/catalog/so031_l.webp,ON_SALE,2
CP-SO031-M-200,SO031_M,SINGLE_ORIGIN,200,PA Boquete WASHED 미디엄 200g,28500,58,MEDIUM,Boquete 산지의 WASHED 커피를 미디엄 로스트로 구성한 합성 싱글 오리진 프로필 200g 포장으로 로스팅 단계와 원산지 메타데이터를 확인할 수 있음,/images/catalog/so031_m.webp,ON_SALE,1
CP-SO031-M-500,SO031_M,SINGLE_ORIGIN,500,PA Boquete WASHED 미디엄 500g,64000,59,MEDIUM,Boquete 산지의 WASHED 커피를 미디엄 로스트로 구성한 합성 싱글 오리진 프로필 500g 포장으로 로스팅 단계와 원산지 메타데이터를 확인할 수 있음,/images/catalog/so031_m.webp,ON_SALE,2
CP-SO032-L-200,SO032_L,SINGLE_ORIGIN,200,PA Volcan NATURAL 라이트 200g,28500,60,LIGHT,Volcan 산지의 NATURAL 커피를 라이트 로스트로 구성한 합성 싱글 오리진 프로필 200g 포장으로 로스팅 단계와 원산지 메타데이터를 확인할 수 있음,/images/catalog/so032_l.webp,ON_SALE,1
CP-SO032-L-500,SO032_L,SINGLE_ORIGIN,500,PA Volcan NATURAL 라이트 500g,64000,61,LIGHT,Volcan 산지의 NATURAL 커피를 라이트 로스트로 구성한 합성 싱글 오리진 프로필 500g 포장으로 로스팅 단계와 원산지 메타데이터를 확인할 수 있음,/images/catalog/so032_l.webp,ON_SALE,2
CP-SO032-M-200,SO032_M,SINGLE_ORIGIN,200,PA Volcan NATURAL 미디엄 200g,27500,62,MEDIUM,Volcan 산지의 NATURAL 커피를 미디엄 로스트로 구성한 합성 싱글 오리진 프로필 200g 포장으로 로스팅 단계와 원산지 메타데이터를 확인할 수 있음,/images/catalog/so032_m.webp,ON_SALE,1
CP-SO032-M-500,SO032_M,SINGLE_ORIGIN,500,PA Volcan NATURAL 미디엄 500g,62000,63,MEDIUM,Volcan 산지의 NATURAL 커피를 미디엄 로스트로 구성한 합성 싱글 오리진 프로필 500g 포장으로 로스팅 단계와 원산지 메타데이터를 확인할 수 있음,/images/catalog/so032_m.webp,ON_SALE,2
CP-SO033-M-200,SO033_M,SINGLE_ORIGIN,200,ID Gayo WET_HULLED 미디엄 200g,17500,64,MEDIUM,Gayo 산지의 WET_HULLED 커피를 미디엄 로스트로 구성한 합성 싱글 오리진 프로필 200g 포장으로 로스팅 단계와 원산지 메타데이터를 확인할 수 있음,/images/catalog/so033_m.webp,ON_SALE,1
CP-SO033-M-500,SO033_M,SINGLE_ORIGIN,500,ID Gayo WET_HULLED 미디엄 500g,39500,65,MEDIUM,Gayo 산지의 WET_HULLED 커피를 미디엄 로스트로 구성한 합성 싱글 오리진 프로필 500g 포장으로 로스팅 단계와 원산지 메타데이터를 확인할 수 있음,/images/catalog/so033_m.webp,ON_SALE,2
CP-SO033-D-200,SO033_D,SINGLE_ORIGIN,200,ID Gayo WET_HULLED 다크 200g,18000,66,DARK,Gayo 산지의 WET_HULLED 커피를 다크 로스트로 구성한 합성 싱글 오리진 프로필 200g 포장으로 로스팅 단계와 원산지 메타데이터를 확인할 수 있음,/images/catalog/so033_d.webp,ON_SALE,1
CP-SO033-D-500,SO033_D,SINGLE_ORIGIN,500,ID Gayo WET_HULLED 다크 500g,40500,67,DARK,Gayo 산지의 WET_HULLED 커피를 다크 로스트로 구성한 합성 싱글 오리진 프로필 500g 포장으로 로스팅 단계와 원산지 메타데이터를 확인할 수 있음,/images/catalog/so033_d.webp,ON_SALE,2
CP-SO034-M-200,SO034_M,SINGLE_ORIGIN,200,ID Java WASHED 미디엄 200g,17000,68,MEDIUM,Java 산지의 WASHED 커피를 미디엄 로스트로 구성한 합성 싱글 오리진 프로필 200g 포장으로 로스팅 단계와 원산지 메타데이터를 확인할 수 있음,/images/catalog/so034_m.webp,ON_SALE,1
CP-SO034-M-500,SO034_M,SINGLE_ORIGIN,500,ID Java WASHED 미디엄 500g,38500,69,MEDIUM,Java 산지의 WASHED 커피를 미디엄 로스트로 구성한 합성 싱글 오리진 프로필 500g 포장으로 로스팅 단계와 원산지 메타데이터를 확인할 수 있음,/images/catalog/so034_m.webp,ON_SALE,2
CP-SO034-D-200,SO034_D,SINGLE_ORIGIN,200,ID Java WASHED 다크 200g,17500,70,DARK,Java 산지의 WASHED 커피를 다크 로스트로 구성한 합성 싱글 오리진 프로필 200g 포장으로 로스팅 단계와 원산지 메타데이터를 확인할 수 있음,/images/catalog/so034_d.webp,ON_SALE,1
CP-SO034-D-500,SO034_D,SINGLE_ORIGIN,500,ID Java WASHED 다크 500g,39500,0,DARK,Java 산지의 WASHED 커피를 다크 로스트로 구성한 합성 싱글 오리진 프로필 500g 포장으로 로스팅 단계와 원산지 메타데이터를 확인할 수 있음,/images/catalog/so034_d.webp,SOLD_OUT,2
CP-SO035-L-200,SO035_L,SINGLE_ORIGIN,200,PG Eastern Highlands WASHED 라이트 200g,19500,72,LIGHT,Eastern Highlands 산지의 WASHED 커피를 라이트 로스트로 구성한 합성 싱글 오리진 프로필 200g 포장으로 로스팅 단계와 원산지 메타데이터를 확인할 수 있음,/images/catalog/so035_l.webp,ON_SALE,1
CP-SO035-L-500,SO035_L,SINGLE_ORIGIN,500,PG Eastern Highlands WASHED 라이트 500g,44000,73,LIGHT,Eastern Highlands 산지의 WASHED 커피를 라이트 로스트로 구성한 합성 싱글 오리진 프로필 500g 포장으로 로스팅 단계와 원산지 메타데이터를 확인할 수 있음,/images/catalog/so035_l.webp,ON_SALE,2
CP-SO035-M-200,SO035_M,SINGLE_ORIGIN,200,PG Eastern Highlands WASHED 미디엄 200g,18500,74,MEDIUM,Eastern Highlands 산지의 WASHED 커피를 미디엄 로스트로 구성한 합성 싱글 오리진 프로필 200g 포장으로 로스팅 단계와 원산지 메타데이터를 확인할 수 있음,/images/catalog/so035_m.webp,ON_SALE,1
CP-SO035-M-500,SO035_M,SINGLE_ORIGIN,500,PG Eastern Highlands WASHED 미디엄 500g,41500,75,MEDIUM,Eastern Highlands 산지의 WASHED 커피를 미디엄 로스트로 구성한 합성 싱글 오리진 프로필 500g 포장으로 로스팅 단계와 원산지 메타데이터를 확인할 수 있음,/images/catalog/so035_m.webp,ON_SALE,2
CP-SO036-M-200,SO036_M,SINGLE_ORIGIN,200,IN Chikmagalur NATURAL 미디엄 200g,16500,76,MEDIUM,Chikmagalur 산지의 NATURAL 커피를 미디엄 로스트로 구성한 합성 싱글 오리진 프로필 200g 포장으로 로스팅 단계와 원산지 메타데이터를 확인할 수 있음,/images/catalog/so036_m.webp,ON_SALE,1
CP-SO036-M-500,SO036_M,SINGLE_ORIGIN,500,IN Chikmagalur NATURAL 미디엄 500g,37000,77,MEDIUM,Chikmagalur 산지의 NATURAL 커피를 미디엄 로스트로 구성한 합성 싱글 오리진 프로필 500g 포장으로 로스팅 단계와 원산지 메타데이터를 확인할 수 있음,/images/catalog/so036_m.webp,ON_SALE,2
CP-SO036-D-200,SO036_D,SINGLE_ORIGIN,200,IN Chikmagalur NATURAL 다크 200g,17000,78,DARK,Chikmagalur 산지의 NATURAL 커피를 다크 로스트로 구성한 합성 싱글 오리진 프로필 200g 포장으로 로스팅 단계와 원산지 메타데이터를 확인할 수 있음,/images/catalog/so036_d.webp,ON_SALE,1
CP-SO036-D-500,SO036_D,SINGLE_ORIGIN,500,IN Chikmagalur NATURAL 다크 500g,38500,79,DARK,Chikmagalur 산지의 NATURAL 커피를 다크 로스트로 구성한 합성 싱글 오리진 프로필 500g 포장으로 로스팅 단계와 원산지 메타데이터를 확인할 수 있음,/images/catalog/so036_d.webp,ON_SALE,2
CP-BL001-M-200,BL001_M,BLEND,200,Morning Balance 미디엄 200g,16500,80,MEDIUM,3개 산지의 균형을 미디엄 로스트로 설계한 합성 블렌드 프로필 200g 포장으로 로스팅 단계와 원산지 메타데이터를 확인할 수 있음,/images/catalog/bl001_m.webp,HIDDEN,1
CP-BL001-M-500,BL001_M,BLEND,500,Morning Balance 미디엄 500g,37000,81,MEDIUM,3개 산지의 균형을 미디엄 로스트로 설계한 합성 블렌드 프로필 500g 포장으로 로스팅 단계와 원산지 메타데이터를 확인할 수 있음,/images/catalog/bl001_m.webp,ON_SALE,2
CP-BL001-D-200,BL001_D,BLEND,200,Morning Balance 다크 200g,17000,82,DARK,3개 산지의 균형을 다크 로스트로 설계한 합성 블렌드 프로필 200g 포장으로 로스팅 단계와 원산지 메타데이터를 확인할 수 있음,/images/catalog/bl001_d.webp,ON_SALE,1
CP-BL001-D-500,BL001_D,BLEND,500,Morning Balance 다크 500g,38500,83,DARK,3개 산지의 균형을 다크 로스트로 설계한 합성 블렌드 프로필 500g 포장으로 로스팅 단계와 원산지 메타데이터를 확인할 수 있음,/images/catalog/bl001_d.webp,ON_SALE,2
CP-BL002-M-200,BL002_M,BLEND,200,Espresso House 미디엄 200g,16000,84,MEDIUM,3개 산지의 균형을 미디엄 로스트로 설계한 합성 블렌드 프로필 200g 포장으로 로스팅 단계와 원산지 메타데이터를 확인할 수 있음,/images/catalog/bl002_m.webp,ON_SALE,1
CP-BL002-M-500,BL002_M,BLEND,500,Espresso House 미디엄 500g,36000,85,MEDIUM,3개 산지의 균형을 미디엄 로스트로 설계한 합성 블렌드 프로필 500g 포장으로 로스팅 단계와 원산지 메타데이터를 확인할 수 있음,/images/catalog/bl002_m.webp,ON_SALE,2
CP-BL002-D-200,BL002_D,BLEND,200,Espresso House 다크 200g,16500,86,DARK,3개 산지의 균형을 다크 로스트로 설계한 합성 블렌드 프로필 200g 포장으로 로스팅 단계와 원산지 메타데이터를 확인할 수 있음,/images/catalog/bl002_d.webp,ON_SALE,1
CP-BL002-D-500,BL002_D,BLEND,500,Espresso House 다크 500g,37000,87,DARK,3개 산지의 균형을 다크 로스트로 설계한 합성 블렌드 프로필 500g 포장으로 로스팅 단계와 원산지 메타데이터를 확인할 수 있음,/images/catalog/bl002_d.webp,ON_SALE,2
CP-BL003-L-200,BL003_L,BLEND,200,East Africa Floral 라이트 200g,22500,0,LIGHT,3개 산지의 균형을 라이트 로스트로 설계한 합성 블렌드 프로필 200g 포장으로 로스팅 단계와 원산지 메타데이터를 확인할 수 있음,/images/catalog/bl003_l.webp,SOLD_OUT,1
CP-BL003-L-500,BL003_L,BLEND,500,East Africa Floral 라이트 500g,50500,89,LIGHT,3개 산지의 균형을 라이트 로스트로 설계한 합성 블렌드 프로필 500g 포장으로 로스팅 단계와 원산지 메타데이터를 확인할 수 있음,/images/catalog/bl003_l.webp,ON_SALE,2
CP-BL003-M-200,BL003_M,BLEND,200,East Africa Floral 미디엄 200g,21500,90,MEDIUM,3개 산지의 균형을 미디엄 로스트로 설계한 합성 블렌드 프로필 200g 포장으로 로스팅 단계와 원산지 메타데이터를 확인할 수 있음,/images/catalog/bl003_m.webp,ON_SALE,1
CP-BL003-M-500,BL003_M,BLEND,500,East Africa Floral 미디엄 500g,48500,91,MEDIUM,3개 산지의 균형을 미디엄 로스트로 설계한 합성 블렌드 프로필 500g 포장으로 로스팅 단계와 원산지 메타데이터를 확인할 수 있음,/images/catalog/bl003_m.webp,ON_SALE,2
CP-BL004-M-200,BL004_M,BLEND,200,Chocolate Nut 미디엄 200g,15500,92,MEDIUM,3개 산지의 균형을 미디엄 로스트로 설계한 합성 블렌드 프로필 200g 포장으로 로스팅 단계와 원산지 메타데이터를 확인할 수 있음,/images/catalog/bl004_m.webp,ON_SALE,1
CP-BL004-M-500,BL004_M,BLEND,500,Chocolate Nut 미디엄 500g,35000,93,MEDIUM,3개 산지의 균형을 미디엄 로스트로 설계한 합성 블렌드 프로필 500g 포장으로 로스팅 단계와 원산지 메타데이터를 확인할 수 있음,/images/catalog/bl004_m.webp,ON_SALE,2
CP-BL004-D-200,BL004_D,BLEND,200,Chocolate Nut 다크 200g,16000,94,DARK,3개 산지의 균형을 다크 로스트로 설계한 합성 블렌드 프로필 200g 포장으로 로스팅 단계와 원산지 메타데이터를 확인할 수 있음,/images/catalog/bl004_d.webp,ON_SALE,1
CP-BL004-D-500,BL004_D,BLEND,500,Chocolate Nut 다크 500g,36000,95,DARK,3개 산지의 균형을 다크 로스트로 설계한 합성 블렌드 프로필 500g 포장으로 로스팅 단계와 원산지 메타데이터를 확인할 수 있음,/images/catalog/bl004_d.webp,ON_SALE,2
CP-BL005-L-200,BL005_L,BLEND,200,Latin Citrus 라이트 200g,20500,96,LIGHT,3개 산지의 균형을 라이트 로스트로 설계한 합성 블렌드 프로필 200g 포장으로 로스팅 단계와 원산지 메타데이터를 확인할 수 있음,/images/catalog/bl005_l.webp,ON_SALE,1
CP-BL005-L-500,BL005_L,BLEND,500,Latin Citrus 라이트 500g,46000,97,LIGHT,3개 산지의 균형을 라이트 로스트로 설계한 합성 블렌드 프로필 500g 포장으로 로스팅 단계와 원산지 메타데이터를 확인할 수 있음,/images/catalog/bl005_l.webp,ON_SALE,2
CP-BL005-M-200,BL005_M,BLEND,200,Latin Citrus 미디엄 200g,19500,98,MEDIUM,3개 산지의 균형을 미디엄 로스트로 설계한 합성 블렌드 프로필 200g 포장으로 로스팅 단계와 원산지 메타데이터를 확인할 수 있음,/images/catalog/bl005_m.webp,ON_SALE,1
CP-BL005-M-500,BL005_M,BLEND,500,Latin Citrus 미디엄 500g,44000,99,MEDIUM,3개 산지의 균형을 미디엄 로스트로 설계한 합성 블렌드 프로필 500g 포장으로 로스팅 단계와 원산지 메타데이터를 확인할 수 있음,/images/catalog/bl005_m.webp,ON_SALE,2
CP-BL006-L-200,BL006_L,BLEND,200,Tropical Natural 라이트 200g,24000,100,LIGHT,3개 산지의 균형을 라이트 로스트로 설계한 합성 블렌드 프로필 200g 포장으로 로스팅 단계와 원산지 메타데이터를 확인할 수 있음,/images/catalog/bl006_l.webp,ON_SALE,1
CP-BL006-L-500,BL006_L,BLEND,500,Tropical Natural 라이트 500g,54000,18,LIGHT,3개 산지의 균형을 라이트 로스트로 설계한 합성 블렌드 프로필 500g 포장으로 로스팅 단계와 원산지 메타데이터를 확인할 수 있음,/images/catalog/bl006_l.webp,ON_SALE,2
CP-BL006-M-200,BL006_M,BLEND,200,Tropical Natural 미디엄 200g,23000,19,MEDIUM,3개 산지의 균형을 미디엄 로스트로 설계한 합성 블렌드 프로필 200g 포장으로 로스팅 단계와 원산지 메타데이터를 확인할 수 있음,/images/catalog/bl006_m.webp,ON_SALE,1
CP-BL006-M-500,BL006_M,BLEND,500,Tropical Natural 미디엄 500g,52000,20,MEDIUM,3개 산지의 균형을 미디엄 로스트로 설계한 합성 블렌드 프로필 500g 포장으로 로스팅 단계와 원산지 메타데이터를 확인할 수 있음,/images/catalog/bl006_m.webp,ON_SALE,2
CP-BL007-M-200,BL007_M,BLEND,200,Cold Brew Cocoa 미디엄 200g,16000,21,MEDIUM,3개 산지의 균형을 미디엄 로스트로 설계한 합성 블렌드 프로필 200g 포장으로 로스팅 단계와 원산지 메타데이터를 확인할 수 있음,/images/catalog/bl007_m.webp,ON_SALE,1
CP-BL007-M-500,BL007_M,BLEND,500,Cold Brew Cocoa 미디엄 500g,36000,0,MEDIUM,3개 산지의 균형을 미디엄 로스트로 설계한 합성 블렌드 프로필 500g 포장으로 로스팅 단계와 원산지 메타데이터를 확인할 수 있음,/images/catalog/bl007_m.webp,SOLD_OUT,2
CP-BL007-D-200,BL007_D,BLEND,200,Cold Brew Cocoa 다크 200g,16500,23,DARK,3개 산지의 균형을 다크 로스트로 설계한 합성 블렌드 프로필 200g 포장으로 로스팅 단계와 원산지 메타데이터를 확인할 수 있음,/images/catalog/bl007_d.webp,ON_SALE,1
CP-BL007-D-500,BL007_D,BLEND,500,Cold Brew Cocoa 다크 500g,37000,24,DARK,3개 산지의 균형을 다크 로스트로 설계한 합성 블렌드 프로필 500g 포장으로 로스팅 단계와 원산지 메타데이터를 확인할 수 있음,/images/catalog/bl007_d.webp,ON_SALE,2
CP-BL008-M-200,BL008_M,BLEND,200,Highland Sweet 미디엄 200g,18500,25,MEDIUM,3개 산지의 균형을 미디엄 로스트로 설계한 합성 블렌드 프로필 200g 포장으로 로스팅 단계와 원산지 메타데이터를 확인할 수 있음,/images/catalog/bl008_m.webp,ON_SALE,1
CP-BL008-M-500,BL008_M,BLEND,500,Highland Sweet 미디엄 500g,41500,26,MEDIUM,3개 산지의 균형을 미디엄 로스트로 설계한 합성 블렌드 프로필 500g 포장으로 로스팅 단계와 원산지 메타데이터를 확인할 수 있음,/images/catalog/bl008_m.webp,HIDDEN,2
CP-BL008-D-200,BL008_D,BLEND,200,Highland Sweet 다크 200g,19000,27,DARK,3개 산지의 균형을 다크 로스트로 설계한 합성 블렌드 프로필 200g 포장으로 로스팅 단계와 원산지 메타데이터를 확인할 수 있음,/images/catalog/bl008_d.webp,ON_SALE,1
CP-BL008-D-500,BL008_D,BLEND,500,Highland Sweet 다크 500g,43000,28,DARK,3개 산지의 균형을 다크 로스트로 설계한 합성 블렌드 프로필 500g 포장으로 로스팅 단계와 원산지 메타데이터를 확인할 수 있음,/images/catalog/bl008_d.webp,ON_SALE,2
CP-BL009-M-200,BL009_M,BLEND,200,Deep Roast Foundation 미디엄 200g,15500,29,MEDIUM,3개 산지의 균형을 미디엄 로스트로 설계한 합성 블렌드 프로필 200g 포장으로 로스팅 단계와 원산지 메타데이터를 확인할 수 있음,/images/catalog/bl009_m.webp,ON_SALE,1
CP-BL009-M-500,BL009_M,BLEND,500,Deep Roast Foundation 미디엄 500g,35000,30,MEDIUM,3개 산지의 균형을 미디엄 로스트로 설계한 합성 블렌드 프로필 500g 포장으로 로스팅 단계와 원산지 메타데이터를 확인할 수 있음,/images/catalog/bl009_m.webp,ON_SALE,2
CP-BL009-D-200,BL009_D,BLEND,200,Deep Roast Foundation 다크 200g,16000,31,DARK,3개 산지의 균형을 다크 로스트로 설계한 합성 블렌드 프로필 200g 포장으로 로스팅 단계와 원산지 메타데이터를 확인할 수 있음,/images/catalog/bl009_d.webp,ON_SALE,1
CP-BL009-D-500,BL009_D,BLEND,500,Deep Roast Foundation 다크 500g,36000,32,DARK,3개 산지의 균형을 다크 로스트로 설계한 합성 블렌드 프로필 500g 포장으로 로스팅 단계와 원산지 메타데이터를 확인할 수 있음,/images/catalog/bl009_d.webp,ON_SALE,2
CP-BL010-M-200,BL010_M,BLEND,200,Seasonal Red Fruit 미디엄 200g,20500,33,MEDIUM,3개 산지의 균형을 미디엄 로스트로 설계한 합성 블렌드 프로필 200g 포장으로 로스팅 단계와 원산지 메타데이터를 확인할 수 있음,/images/catalog/bl010_m.webp,ON_SALE,1
CP-BL010-M-500,BL010_M,BLEND,500,Seasonal Red Fruit 미디엄 500g,46000,34,MEDIUM,3개 산지의 균형을 미디엄 로스트로 설계한 합성 블렌드 프로필 500g 포장으로 로스팅 단계와 원산지 메타데이터를 확인할 수 있음,/images/catalog/bl010_m.webp,ON_SALE,2
CP-BL010-D-200,BL010_D,BLEND,200,Seasonal Red Fruit 다크 200g,21000,35,DARK,3개 산지의 균형을 다크 로스트로 설계한 합성 블렌드 프로필 200g 포장으로 로스팅 단계와 원산지 메타데이터를 확인할 수 있음,/images/catalog/bl010_d.webp,ON_SALE,1
CP-BL010-D-500,BL010_D,BLEND,500,Seasonal Red Fruit 다크 500g,47500,36,DARK,3개 산지의 균형을 다크 로스트로 설계한 합성 블렌드 프로필 500g 포장으로 로스팅 단계와 원산지 메타데이터를 확인할 수 있음,/images/catalog/bl010_d.webp,ON_SALE,2
CP-BL011-M-200,BL011_M,DECAF,200,Decaf Caramel 미디엄 200g,18500,37,MEDIUM,2개 산지의 균형을 미디엄 로스트로 설계한 합성 블렌드 프로필 200g 포장으로 로스팅 단계와 원산지 메타데이터를 확인할 수 있음,/images/catalog/bl011_m.webp,ON_SALE,1
CP-BL011-M-500,BL011_M,DECAF,500,Decaf Caramel 미디엄 500g,41500,38,MEDIUM,2개 산지의 균형을 미디엄 로스트로 설계한 합성 블렌드 프로필 500g 포장으로 로스팅 단계와 원산지 메타데이터를 확인할 수 있음,/images/catalog/bl011_m.webp,ON_SALE,2
CP-BL011-D-200,BL011_D,DECAF,200,Decaf Caramel 다크 200g,19000,0,DARK,2개 산지의 균형을 다크 로스트로 설계한 합성 블렌드 프로필 200g 포장으로 로스팅 단계와 원산지 메타데이터를 확인할 수 있음,/images/catalog/bl011_d.webp,SOLD_OUT,1
CP-BL011-D-500,BL011_D,DECAF,500,Decaf Caramel 다크 500g,43000,40,DARK,2개 산지의 균형을 다크 로스트로 설계한 합성 블렌드 프로필 500g 포장으로 로스팅 단계와 원산지 메타데이터를 확인할 수 있음,/images/catalog/bl011_d.webp,ON_SALE,2
CP-BL012-L-200,BL012_L,DECAF,200,Decaf Floral 라이트 200g,21000,41,LIGHT,2개 산지의 균형을 라이트 로스트로 설계한 합성 블렌드 프로필 200g 포장으로 로스팅 단계와 원산지 메타데이터를 확인할 수 있음,/images/catalog/bl012_l.webp,ON_SALE,1
CP-BL012-L-500,BL012_L,DECAF,500,Decaf Floral 라이트 500g,47500,42,LIGHT,2개 산지의 균형을 라이트 로스트로 설계한 합성 블렌드 프로필 500g 포장으로 로스팅 단계와 원산지 메타데이터를 확인할 수 있음,/images/catalog/bl012_l.webp,ON_SALE,2
CP-BL012-M-200,BL012_M,DECAF,200,Decaf Floral 미디엄 200g,20000,43,MEDIUM,2개 산지의 균형을 미디엄 로스트로 설계한 합성 블렌드 프로필 200g 포장으로 로스팅 단계와 원산지 메타데이터를 확인할 수 있음,/images/catalog/bl012_m.webp,ON_SALE,1
CP-BL012-M-500,BL012_M,DECAF,500,Decaf Floral 미디엄 500g,45000,44,MEDIUM,2개 산지의 균형을 미디엄 로스트로 설계한 합성 블렌드 프로필 500g 포장으로 로스팅 단계와 원산지 메타데이터를 확인할 수 있음,/images/catalog/bl012_m.webp,ON_SALE,2
