profile_key,variety_code,display_order
SO001_L,ETHIOPIAN_HEIRLOOM,1
SO001_M,ETHIOPIAN_HEIRLOOM,1
SO002_L,ETHIOPIAN_HEIRLOOM,1
SO002_M,ETHIOPIAN_HEIRLOOM,1
SO003_L,ETHIOPIAN_HEIRLOOM,1
SO003_M,ETHIOPIAN_HEIRLOOM,1
SO004_L,ETHIOPIAN_HEIRLOOM,1
SO004_M,ETHIOPIAN_HEIRLOOM,1
SO005_L,SL28,1
SO005_L,SL34,2
SO005_M,SL28,1
SO005_M,SL34,2
SO006_L,SL28,1
SO006_L,RUIRU11,2
SO006_M,SL28,1
SO006_M,RUIRU11,2
SO007_L,SL34,1
SO007_L,BATIAN,2
SO007_M,SL34,1
SO007_M,BATIAN,2
SO008_L,BOURBON,1
SO008_M,BOURBON,1
SO009_L,BOURBON,1
SO009_M,BOURBON,1
SO010_L,BOURBON,1
SO010_M,BOURBON,1
SO011_M,SL14,1
SO011_M,NYASALAND,2
SO011_D,SL14,1
SO011_D,NYASALAND,2
SO012_M,NYASALAND,1
SO012_D,NYASALAND,1
SO013_L,CATURRA,1
SO013_L,CASTILLO,2
SO013_M,CATURRA,1
SO013_M,CASTILLO,2
SO014_L,CATURRA,1
SO014_L,CASTILLO,2
SO014_M,CATURRA,1
SO014_M,CASTILLO,2
SO015_L,CASTILLO,1
SO015_L,COLOMBIA,2
SO015_M,CASTILLO,1
SO015_M,COLOMBIA,2
SO016_L,CASTILLO,1
SO016_L,TYPICA,2
SO016_M,CASTILLO,1
SO016_M,TYPICA,2
SO017_M,MUNDO_NOVO,1
SO017_M,CATUAI,2
SO017_D,MUNDO_NOVO,1
SO017_D,CATUAI,2
SO018_M,YELLOW_BOURBON,1
SO018_M,CATUAI,2
SO018_D,YELLOW_BOURBON,1
SO018_D,CATUAI,2
SO019_M,YELLOW_BOURBON,1
SO019_D,YELLOW_BOURBON,1
SO020_M,CATUAI,1
SO020_M,MUNDO_NOVO,2
SO020_D,CATUAI,1
SO020_D,MUNDO_NOVO,2
SO021_L,CATURRA,1
SO021_L,CATUAI,2
SO021_M,CATURRA,1
SO021_M,CATUAI,2
SO022_L,VILLA_SARCHI,1
SO022_L,CATURRA,2
SO022_M,VILLA_SARCHI,1
SO022_M,CATURRA,2
SO023_L,CATURRA,1
SO023_L,CATUAI,2
SO023_M,CATURRA,1
SO023_M,CATUAI,2
SO024_L,BOURBON,1
SO024_L,CATURRA,2
SO024_M,BOURBON,1
SO024_M,CATURRA,2
SO025_L,BOURBON,1
SO025_L,CATURRA,2
SO025_M,BOURBON,1
SO025_M,CATURRA,2
SO026_L,TYPICA,1
SO026_L,BOURBON,2
SO026_M,TYPICA,1
SO026_M,BOURBON,2
SO027_L,PACAS,1
SO027_L,PACAMARA,2
SO027_M,PACAS,1
SO027_M,PACAMARA,2
SO028_L,PACAMARA,1
SO028_L,BOURBON,2
SO028_M,PACAMARA,1
SO028_M,BOURBON,2
SO029_L,CATUAI,1
SO029_L,IHCAFE90,2
SO029_M,CATUAI,1
SO029_M,IHCAFE90,2
SO030_L,LEMPIRA,1
SO030_L,CATUAI,2
SO030_M,LEMPIRA,1
SO030_M,CATUAI,2
SO031_L,GEISHA,1
SO031_M,GEISHA,1
SO032_L,GEISHA,1
SO032_L,CATUAI,2
SO032_M,GEISHA,1
SO032_M,CATUAI,2
SO033_M,TYPICA,1
SO033_M,CATIMOR,2
SO033_D,TYPICA,1
SO033_D,CATIMOR,2
SO034_M,TYPICA,1
SO034_M,CATIMOR,2
SO034_D,TYPICA,1
SO034_D,CATIMOR,2
SO035_L,ARUSHA,1
SO035_L,TYPICA,2
SO035_M,ARUSHA,1
SO035_M,TYPICA,2
SO036_M,S795,1
SO036_M,CATIMOR,2
SO036_D,S795,1
SO036_D,CATIMOR,2
BL001_M,CATUAI,1
BL001_M,CASTILLO,2
BL001_M,ETHIOPIAN_HEIRLOOM,3
BL001_D,CATUAI,1
BL001_D,CASTILLO,2
BL001_D,ETHIOPIAN_HEIRLOOM,3
BL002_M,YELLOW_BOURBON,1
BL002_M,CASTILLO,2
BL002_M,S795,3
BL002_D,YELLOW_BOURBON,1
BL002_D,CASTILLO,2
BL002_D,S795,3
BL003_L,ETHIOPIAN_HEIRLOOM,1
BL003_L,SL28,2
BL003_L,BOURBON,3
BL003_M,ETHIOPIAN_HEIRLOOM,1
BL003_M,SL28,2
BL003_M,BOURBON,3
BL004_M,MUNDO_NOVO,1
BL004_M,BOURBON,2
BL004_M,S795,3
BL004_D,MUNDO_NOVO,1
BL004_D,BOURBON,2
BL004_D,S795,3
BL005_L,CATURRA,1
BL005_L,PACAMARA,2
BL005_L,CATUAI,3
BL005_M,CATURRA,1
BL005_M,PACAMARA,2
BL005_M,CATUAI,3
BL006_L,ETHIOPIAN_HEIRLOOM,1
BL006_L,GEISHA,2
BL006_L,VILLA_SARCHI,3
BL006_M,ETHIOPIAN_HEIRLOOM,1
BL006_M,GEISHA,2
BL006_M,VILLA_SARCHI,3
BL007_M,CATUAI,1
BL007_M,LEMPIRA,2
BL007_M,TYPICA,3
BL007_D,CATUAI,1
BL007_D,LEMPIRA,2
BL007_D,TYPICA,3
BL008_M,BOURBON,1
BL008_M,ARUSHA,2
BL008_M,CATURRA,3
BL008_D,BOURBON,1
BL008_D,ARUSHA,2
BL008_D,CATURRA,3
BL009_M,CATIMOR,1
BL009_M,MUNDO_NOVO,2
BL009_M,SL14,3
BL009_D,CATIMOR,1
BL009_D,MUNDO_NOVO,2
BL009_D,SL14,3
BL010_M,BOURBON,1
BL010_M,PACAS,2
BL010_M,CASTILLO,3
BL010_D,BOURBON,1
BL010_D,PACAS,2
BL010_D,CASTILLO,3
BL011_M,CASTILLO,1
BL011_M,YELLOW_BOURBON,2
BL011_D,CASTILLO,1
BL011_D,YELLOW_BOURBON,2
BL012_L,ETHIOPIAN_HEIRLOOM,1
BL012_L,BOURBON,2
BL012_M,ETHIOPIAN_HEIRLOOM,1
BL012_M,BOURBON,2
